sim,obs
45.83,84.66737131008
44.17,81.26934971904001
43.35,77.58815966208
50.39,76.4554857984
55.11,75.88914886656
56.47,72.2079588096
55.26,66.5445894912
54.22,64.84557869568
53,66.82775795712
52.44,64.84557869568
54.08,58.0495355136
56.96,52.386166195200005
58.34,49.554481536000004
57,49.27131307008
56.97,49.837650001920004
56.33,48.42180767232
54.95,45.3069545472
53.19,42.19210142208
50.89,40.20992216064
47.96,39.36041676288
45.05,39.36041676288
43.56,39.36041676288
62.08,40.20992216064
71.19,49.837650001920004
72.02,62.01389403648
69.72,75.88914886656
67.23,79.85350738944
64.34,82.40202358272
61.52,84.38420284416
59.17,80.98618125312001
55.71,72.2079588096
53.59,63.14656790016
51.79,58.0495355136
49.97,54.65151392256
49.45,52.10299772928
47.82,49.837650001920004
45.16,46.722796876800004
42.55,44.74061761536
38.95,42.475269888
41.65,40.493090626560004
42.16,41.90893295616
41.94,44.45744914944
40.36,48.70497613824
38.13,51.25349233152
34.87,49.837650001920004
31.92,46.15645994496
33.75,41.62576449024
36.8,39.36041676288
38.79,38.79407983104
38.25,39.07724829696
36.57,39.6435852288
33.09,39.6435852288
40.09,39.6435852288
53.37,40.493090626560004
62.54,43.32477528576
113.3,50.9703238656
125,84.10103437824
121.5,122.89511420928001
116.7,161.4060255744
112,190.00604063232
108,206.7129801216
105,195.95257841664
101.7,173.01593267712
100.5,154.3268139264
98.43,141.01789602816
95.78,131.10699972096
92.44,123.74461960704001
88.45,114.6832286976
80.63,102.22381619712
72.54,89.48123523072
67.64,77.58815966208
68.35,67.9604318208
66.45,64.56241022976
62.11,64.27924176384
56.89,65.41191562752
50.22,64.27924176384
46.06,61.447557104640005
49.9,60.03171477504
52.85,60.59805170688
53.09,61.16438863872
65.96,63.14656790016
72.88,70.79211648
72.83,79.2871704576
67.82,88.63172983296
60.62,95.42777301504
56.03,101.65747926528
53.3,104.20599545856
49.32,99.39213153792001
45.82,92.59608835584
42.47,86.64955057152
39.07,82.68519204864
35.67,80.41984432128
31.83,76.4554857984
30.37,68.52676875264
28.51,59.74854630912
27.18,52.669334661120004
27.23,46.722796876800004
26.39,42.19210142208
24.62,39.07724829696
22.16,36.52873210368
21.55,34.26338437632
20.96,32.28120511488
26.75,32.28120511488
28.57,44.45744914944
33.88,48.42180767232
37.93,56.91686164992
43.93,65.41191562752
49.57,71.35845341184
60.8,71.92479034368
67.18,73.6238011392
66.9,75.88914886656
60.4,79.2871704576
54.29,85.80004517376
47.24,91.18024602624
50.66,92.029751424
50.88,89.48123523072
49.45,85.80004517376
50.43,84.10103437824
51.3,89.48123523072
50.1,95.71094148096
47,94.01193068544
42.93,83.25152898048
38.84,67.67726335488
35.37,57.48319858176
32.38,50.9703238656
29.94,44.74061761536
27.37,38.79407983104
24.6,35.11288977408
22.65,31.43169971712
20.81,27.722192813568
19.25,23.78615113728
18.34,20.274862159872
17.6,17.83961335296
16.12,16.14060255744
15.29,14.8663444608
14.09,14.01683906304
12.98,13.139016818688
12.54,12.31782826752
11.52,11.666540795904
10.63,11.071887017472001
9.462,10.420599545856
8.985,9.797628920832
7.597,9.316242528768
6.492,8.863172983296
5.825,8.183568665088
6.236,7.4473306536960004
7.284,7.22079588096
7.907,7.532281193472
7.907,8.041984432128
7.2,8.693271903744
6.424,8.834856136704
8.258,8.296836051456001
12.23,8.35346974464
15.97,9.2029751424
16.66,10.590500625408
15.6,12.431095653888
13.23,13.931888523264
10.88,14.44159176192
8.953,14.356641222144
10.31,14.328324375552
10.86,16.027335171072
10.36,19.935060000768
9.616,21.152684404224
8.683,19.170505142784002
7.498,18.26436605184
6.36,16.70693948928
5.283,14.951295000576
4.496,13.167333665280001
3.988,11.496639716352
3.62,10.080797386752
3.495,8.891489829888
3.129,8.07030127872
3.098,7.532281193472
3.047,6.994261108224
2.746,6.767726335488001
2.458,6.342973636608
2.442,6.031488324096
2.387,6.541191562752
2.473,6.342973636608
2.736,5.691686164992
3.815,5.295250312704
4.898,5.720003011584001
10.97,6.626142102528
18.46,7.249112727552
23.06,8.013667585536
23.78,8.749905596928
21.05,10.222381619712
17.68,12.261194574336
14.69,14.215056989184001
11.96,15.376047699456
9.727,15.234463466496
7.853,14.44159176192
6.391,13.082383125504
5.076,10.986936477696
4.584,8.891489829888
3.988,7.2774295741440005
3.516,6.3146567900160004
3.399,5.606735625216
3.002,4.898814460416
3.196,4.445744914944
2.936,4.785547074048
2.796,4.8421807672320005
2.274,3.9926753694720003
1.998,3.794457443328
2.398,3.794457443328
2.502,3.6811900569600002
2.354,3.624556363776
1.913,3.454655284224
1.639,3.5962395171840003
1.459,3.879407983104
1.475,3.794457443328
1.861,3.709506903552
2.31,3.652873210368
2.434,3.482972130816
2.949,3.482972130816
2.663,3.567922670592
2.349,3.9077248296960003
4.43,4.219210142208
6.272,4.38911122176
6.833,5.323567159296
6.529,6.824360028672
6.291,5.861587244544
6.172,6.201389403648
5.805,6.852676875264001
5.543,6.682775795712
4.675,5.94653778432
3.703,5.351884005888
2.935,4.7572302274560005
2.882,4.304160681984
3.026,3.936041676288
3.598,3.709506903552
5.647,3.539605824
6.804,3.5962395171840003
8.235,3.737823750144
10.66,4.190893295616
12.14,4.870497613824
11.99,4.9554481536
10.89,4.983765000192
9.573,5.38020085248
7.974,5.9748546309120005
6.898,6.173072557056
9.29,5.918220937728
13.45,5.635052471808
16.63,5.606735625216
17.51,6.003171477504
15.82,7.079211648
14.17,8.410103437824
12.98,9.656044687872
11.52,10.788718551552
10.15,11.553273409536
9.364,11.638223949312
8.9,10.590500625408
10.05,9.542777301504
11.07,8.77822244352
12.02,8.098618125312
11.7,7.843766505984
10.67,8.041984432128
9.077,8.296836051456001
8.073,8.523370824192
6.909,8.77822244352
5.798,8.636638210560001
5.164,7.985350738944001
4.586,7.249112727552
6.568,6.711092642304
11.17,6.173072557056
14.67,5.776636704768
17.03,5.6633693184
17.66,7.475647500288
17.1,9.967530000384
15.57,12.657630426624001
14.18,15.772483551744001
14.11,18.12278181888
13.26,17.754662813184
12.46,16.055652017664002
11.68,14.356641222144
18.23,13.507135824384001
29.12,14.101789602816
33.35,15.970701477888001
32.46,16.508721563136
29.09,17.216642727936
25.8,19.425356762112
24.27,21.492486563328
27.23,23.021596279296002
28.67,23.50298267136
27.99,23.559616364544002
26.29,23.559616364544002
23.84,22.6534772736
21.4,20.5297137792
19.12,18.462583977984
17.48,17.160009034752
16.14,16.650305796096
15.02,16.820206875648
14.18,17.018424801792
13.75,16.2821867904
12.87,14.498225455104
12.5,12.544363040256
12.26,11.071887017472001
12.03,10.137431079936
12.17,9.62772784128
13.1,9.344559375360001
13.2,9.174658295808
13.16,9.2029751424
12.56,9.316242528768
11.8,9.48614360832
12.7,9.854262614016001
31.52,10.958619631104
39.39,20.614664318976
40.05,37.378237501440005
37.97,39.6435852288
33.91,37.94457443328
31.43,32.84754204672
45.78,30.865362785280002
63.33,34.26338437632
69.57,39.92675369472
66.52,45.59012301312
60.27,50.12081846784
54.62,56.35052471808
50.55,66.5445894912
48.19,78.15449659392
46.86,84.10103437824
45.68,82.1188551168
58.51,78.15449659392
67.67,79.00400199168
69.44,78.43766505984
67.04,74.47330653696
64.04,68.24360028672
60.96,65.69508409344
58.48,71.07528494592
55.06,75.03964346880001
52.44,72.77429574144
50.37,67.39409488896
48.68,62.86339943424
48.52,60.8812201728
47.16,60.8812201728
45.91,59.4653778432
52.56,56.35052471808
54.28,55.784187786240004
52.64,55.2178508544
49.44,50.68715539968
46.11,46.15645994496
43.89,42.19210142208
42.39,40.493090626560004
41.27,39.36041676288
39.97,38.2277428992
37.43,37.09506903552
35.58,36.24556363776
33.86,35.11288977408
33.22,33.41387897856
32.42,31.71486818304
33.56,30.58219431936
39.75,30.01585738752
44.37,31.1485312512
44.58,31.71486818304
42.49,32.5643735808
54.86,33.13071051264
83.86,35.11288977408
114.3,42.19210142208
134.4,54.65151392256
137.1,64.27924176384
130.8,71.92479034368
122.8,85.51687670784
123.1,104.77233239040001
129.8,156.02582472192
142,314.3169971712
146.3,376.6140596736
144.1,334.1387897856
139.2,273.82390654464
133.8,260.23182018048
128.8,270.70905341952
125.2,266.1783579648
121.3,273.2575696128
119.3,254.56845086208
116.8,209.82783324672002
113.8,174.43177500672002
110.2,148.94661307392
106.1,130.54066278912
101.2,115.81590256128
97.14,102.79015312896
94.01,91.74658295808
97.55,84.66737131008
97.56,80.41984432128
95.09,77.871328128
90.36,76.17231733248
85.07,74.47330653696
81.05,73.6238011392
80.26,72.49112727552
89,71.35845341184
93.81,71.35845341184
93.76,73.6238011392
90.14,78.15449659392
85.56,80.13667585536
82,79.85350738944
81.04,79.2871704576
77.31,78.15449659392
72.77,78.43766505984
69.13,79.85350738944
65.65,81.83568665088
62.77,82.68519204864
138.3,82.1188551168
144.7,108.73669091328
134.5,156.59216165376
126.3,186.32485057536002
120.2,214.92486563328
115.1,218.0397187584
111.6,191.138714496
107.5,164.52087869952
103.7,144.98225455104
99.2,132.23967358464
93.49,124.02778807296
87.68,114.40006023168
91.27,102.22381619712
89.4,97.97628920832
85.14,100.24163693568
80.23,99.10896307200001
75.95,92.31291988992
72.89,86.93271903744001
70.04,83.5346974464
68.08,78.72083352576
78.6,73.6238011392
79.84,77.58815966208
76.65,87.49905596928001
72.45,92.029751424
67.96,93.44559375360001
62.44,93.16242528768001
56.32,93.16242528768001
55.17,90.89707756032
55.37,88.06539290112
67.83,83.25152898048
75.71,79.85350738944
77.64,79.85350738944
74.13,83.81786591232
68.81,89.76440369664
62.81,94.57826761728
57.14,96.84361534464
50.84,93.72876221952001
45.53,89.76440369664
41.2,86.93271903744001
39.16,85.51687670784
37.23,83.5346974464
35.08,78.43766505984
32.62,70.22577954816
30.81,61.730725570560004
29.71,55.2178508544
30.72,50.68715539968
31.86,47.57230227456
30.87,44.74061761536
29.21,42.475269888
26.65,41.0594275584
23.74,39.36041676288
23.16,37.94457443328
23.57,37.09506903552
27.14,39.6435852288
27.61,47.85547074048
25.32,53.8020085248
21.84,52.386166195200005
21.12,48.42180767232
55.93,48.1386392064
82.97,62.01389403648
87.83,84.10103437824
82.31,98.82579460608001
74.91,113.267386368
72.1,129.97432585728
67.02,154.89315085824
60.78,239.56052216832
54.75,233.33081591808002
50.44,182.36049205248
48.46,145.26542301696
47.73,120.62976648192
45.76,103.3564900608
42.55,89.76440369664
40.83,78.43766505984
37.88,69.37627415040001
34.66,62.2970625024
31.15,55.784187786240004
28.06,49.554481536000004
25.72,44.45744914944
24.14,40.776259092480004
23.95,37.94457443328
23.53,35.39605824
21.88,32.84754204672
20.11,30.58219431936
18.23,28.60001505792
16.49,27.127539035136
15.32,25.4851619328
13.77,23.757834290688
12,22.172090881536
11.64,21.039417017856
11.74,20.501396932608
12.32,19.935060000768
12.37,18.632485057536
12.08,16.905157415424
11.38,15.630899318784001
9.892,14.8663444608
8.1,14.271690682368
6.523,13.875254830080001
5.669,13.761987443712
4.885,13.790304290304
4.948,13.535452670976001
4.915,13.167333665280001
4.297,12.431095653888
3.818,11.638223949312
3.168,10.873669091328
5.78,10.788718551552
8.904,11.694857642496
13.11,12.572679886848
16.15,14.356641222144
16.41,16.56535525632
14.64,18.97228721664
12.19,19.935060000768
9.967,21.152684404224
7.87,23.163180512256
6.289,24.805557614592
4.905,24.579022841856002
8.118,21.9455561088
25.54,22.6534772736
24.43,31.1485312512
20.16,37.09506903552
17.33,33.13071051264
18.31,28.118628665856
19.06,25.088726080512
21.03,19.878426307584
24.85,24.579022841856002
37.6,28.60001505792
40.6,48.1386392064
40.07,53.23567159296
38.46,51.81982926336
36.6,51.53666079744
34.94,52.386166195200005
32.6,48.98814460416
30.01,39.36041676288
27.54,30.01585738752
25.64,23.248131052032
23,17.669712273408
22.4,14.271690682368
22.46,12.88416519936
21.43,12.459412500480001
20.49,12.17624403456
18.44,11.128520710656
16.53,9.656044687872
14.56,8.013667585536
13.53,6.909310568448
13.01,6.2297062502400005
12.53,5.804953551360001
12.43,5.465151392256
14.81,4.7572302274560005
17.17,4.615645994496
20.14,4.332477528576
20.43,4.983765000192
18.21,6.258023096832
17,8.806539290112001
14.26,11.3267386368
12.2,12.827531506176001
11.57,13.054066278912
10.04,11.89307556864
9.128,9.287925682176
8.914,7.532281193472
8.14,7.702182273024
7.313,8.155251818496
6.384,7.64554857984
5.426,6.65445894912
4.919,6.08812201728
5.658,5.635052471808
8.991,5.210299772928
10.45,6.003171477504
12.29,6.51287471616
12.92,7.164162187776
12.73,7.560598040064
13.18,7.22079588096
12.58,7.305746420736
11.08,7.050894801408
9.45,6.65445894912
8.13,6.201389403648
6.411,5.776636704768
5.3,5.408517699072
4.084,5.040398693376
3.175,4.587329147904
2.71,3.96435852288
3.104,3.482972130816
3.607,3.1148531251200002
3.8,2.888318352384
4.266,3.1148531251200002
6.557,3.1148531251200002
8.521,4.134259602432
8.749,5.6633693184
8.045,6.682775795712
7.228,6.767726335488001
6.851,5.8899040911360006
5.804,5.153666079744
5.113,4.643962841088
4.748,4.332477528576
4.124,4.162576449024
3.544,4.10594275584
3.159,3.9077248296960003
3.36,3.624556363776
3.613,3.369704744448
4.154,3.1148531251200002
4.872,2.97326889216
5.403,3.086536278528
5.069,3.341387897856
4.521,3.539605824
4.188,4.077625909248
3.657,4.304160681984
3.302,3.879407983104
2.784,3.39802159104
2.138,3.058219431936
1.628,2.8090311819264002
1.402,2.6985954802176
1.199,2.6646152643072
1.211,2.5881597785088
4.848,2.40693196032
33.63,3.6811900569600002
42.58,11.071887017472001
39.82,17.811296506368002
34.17,20.897832784896
28.61,18.462583977984
23.9,16.876840568832
20.37,15.404364546048
17.77,14.101789602816
15.45,12.516046193664
18.69,9.995846846976
17.24,9.033074062848
17.07,7.702182273024
16.4,6.852676875264001
15.27,6.399607329792
14.1,6.0598051706880005
13.07,5.9748546309120005
12.58,6.031488324096
12.01,5.94653778432
11.01,5.691686164992
10.09,5.38020085248
9.691,5.0970323865600005
9.293,4.9271313070080005
8.695,4.7572302274560005
8.044,4.559012301312
7.61,4.304160681984
7.405,4.190893295616
7.415,4.077625909248
7.285,3.936041676288
6.893,3.766140596736
6.694,3.652873210368
6.431,3.652873210368
5.771,3.766140596736
5.37,3.6811900569600002
5.16,3.4263384376320003
4.643,3.25643735808
41.37,3.25643735808
38.31,9.9108963072
30.97,32.28120511488
26.38,38.2277428992
23.5,26.816053722624
21.57,18.236049205248
20.38,13.677036903936001
19.18,10.873669091328
18.64,8.580004517376
17.7,7.560598040064
16.88,6.937627415040001
15.82,6.456241022976
14.52,6.1447557104640005
13.31,5.94653778432
12.32,5.6633693184
11.41,5.436834545664
10.73,5.153666079744
9.986,4.9554481536
9.399,4.615645994496
9.017,4.275843835392
9.007,4.219210142208
8.709,4.020992216064
8.613,3.936041676288
8.275,4.020992216064
7.741,4.020992216064
7.528,4.077625909248
7.256,4.077625909248
7.054,4.134259602432
6.619,4.077625909248
6.278,4.077625909248
6.14,4.077625909248
5.969,4.077625909248
5.868,4.077625909248
5.734,4.077625909248
5.416,4.162576449024
4.87,4.190893295616
4.209,4.162576449024
4.049,4.2475269888
4.333,4.417428068352
4.485,4.587329147904
4.427,4.502378608128
4.358,4.615645994496
4.35,4.700596534272
4.013,4.870497613824
3.576,5.040398693376
3.114,5.040398693376
2.882,5.0120818467840005
2.887,4.870497613824
3.005,4.785547074048
3.054,4.700596534272
2.98,4.700596534272
2.599,4.672279687680001
2.39,4.870497613824
1.955,5.0120818467840005
2.117,5.125349233152
2.518,5.266933466112
3.229,5.465151392256
4.076,5.6633693184
5.732,5.9748546309120005
32.42,6.739409488896
45.11,13.337234744832001
44.27,24.012685910016
38.52,30.58219431936
32.3,31.71486818304
27.03,30.01585738752
23.42,28.316846592
20.82,29.166351989760003
21.26,31.71486818304
21.89,33.41387897856
21.83,33.69704744448
21.18,30.865362785280002
20.03,26.221399944192
23.34,22.341991961088002
28.17,21.237634944
30.3,22.964962586112
30.31,26.079815711232
28.62,28.88318352384
26.02,29.449520455680002
23.98,28.60001505792
21.66,27.892093893120002
20.34,27.495658040832
18.93,27.155855881728
17.7,26.532885256704002
17.63,25.570112472576
17.33,23.984369063424
18.93,22.002189801984002
57.76,21.322585483776
127.7,22.058823495168
138.2,27.04258849536
117.1,43.04160681984
97.1,67.11092642304
96.68,82.1188551168
99.32,102.22381619712
99.31,127.70897812992
97.27,158.29117244928
95.16,180.94464972288
93.24,184.90900824576
91.37,176.69712273408
90.26,158.00800398336
88.97,137.90304290304002
87.8,121.47927187968
86.36,108.17035398144
83.73,97.40995227648
82.5,88.91489829888
81.11,79.57033892352
79,68.80993721856001
109,60.31488324096
141.2,63.42973636608
148.7,77.871328128
143.7,100.80797386752
138.2,114.6832286976
133.6,133.93868438016
129.1,154.60998239232
125.2,167.63573182464
121.2,176.9802912
117.2,174.99811193856002
111.5,166.78622642688
106.3,150.64562386944002
101.9,131.10699972096
99.49,112.98421790208
96.3,96.84361534464
93.81,84.10103437824
90.17,73.05746420736
90.78,64.27924176384
89.96,60.59805170688
87.18,59.74854630912
82.37,61.730725570560004
76.52,63.712904832
72.33,64.27924176384
68.84,63.712904832
66.3,62.2970625024
66.75,60.03171477504
64.75,56.91686164992
61.63,54.65151392256
60.69,52.10299772928
58.81,49.554481536000004
55.42,46.722796876800004
52.54,44.17428068352
50.45,43.32477528576
47.37,43.607943751680004
44.67,45.59012301312
41.67,47.57230227456
39.83,48.1386392064
39.35,46.15645994496
38.01,43.607943751680004
36.18,41.0594275584
35.24,39.07724829696
33.26,37.661405967360004
30.57,36.52873210368
29.53,35.39605824
27.65,34.26338437632
25.74,33.13071051264
24.28,31.71486818304
22.72,30.58219431936
20.8,29.7326889216
19.81,28.60001505792
20.69,27.382390654464
25.33,26.362984177152
28.51,26.674469489664002
28,27.552291734016002
24.9,29.166351989760003
21.45,30.29902585344
18.34,31.43169971712
15.62,31.99803664896
13.83,31.43169971712
11.24,30.29902585344
9.469,29.166351989760003
8.131,27.977044432896
7.434,26.47625156352
6.812,24.890508154368
6.224,23.64456690432
5.425,22.738427813376
4.568,22.030506648576
3.94,21.549120256512
3.574,21.209318097408
3.027,21.067733864448
2.607,20.614664318976
2.12,19.906743154176002
2.49,19.340406222336
3.331,19.057237756416
6.511,18.745752443904
9.087,21.322585483776
9.562,24.0693196032
9.372,27.212489574912002
8.154,28.88318352384
6.98,30.01585738752
5.632,30.865362785280002
4.498,30.29902585344
3.598,28.316846592
2.902,26.419617870336
2.227,24.777240768000002
1.807,22.823378353152002
1.468,20.10496108032
1.328,17.244959574528
1.314,15.206146619904
1.231,14.101789602816
1.113,13.422185284608
1.013,12.799214659584
2.993,12.232877727744
5.006,13.054066278912
5.957,14.243373835776
6.446,14.526542301696
6.035,14.469908608512
5.153,14.384958068736001
4.217,14.30000752896
3.079,14.215056989184001
2.653,14.215056989184001
2.155,14.469908608512
1.704,14.526542301696
2.886,14.215056989184001
3.502,13.903571676672
3.543,13.223967358464
3.574,12.147927187968
3.139,11.071887017472001
2.69,10.590500625408
2.095,10.363965852672
1.451,10.137431079936
1.049,9.825945767424
1.075,9.457826761728
1.157,8.4950539776
1.089,7.588914886656
1.152,6.994261108224
1.046,6.909310568448
1.061,7.0225779548160006
0.7776,7.050894801408
0.758,6.824360028672
1.101,6.51287471616
2.478,6.2297062502400005
9.731,6.173072557056
20.19,6.994261108224
26.26,8.126934971904
25.68,9.004757216256
21.38,10.279015312896
16.61,11.836441875456
12.84,13.535452670976001
9.948,15.71584985856
8.138,18.349316591616
8.743,20.473080086016
8.252,21.152684404224
7.126,19.312089375744
6.18,15.687533011968
7.241,12.544363040256
11.08,11.100203864064
16.28,11.213471250432
17.31,12.912482045952
16.18,15.092879233536001
14.12,17.358226960896
12.35,18.745752443904
10.75,17.216642727936
9.655,14.611492841472
8.349,12.969115739136
7.94,11.270104943616
7.717,8.891489829888
7.501,7.164162187776
7.229,6.342973636608
7.199,6.3146567900160004
10.26,6.51287471616
12.1,6.569508409344
12.92,6.286339943424
12.06,6.626142102528
14,7.758815966208
16.56,9.146341449216001
17.22,10.109114233344
16.14,10.137431079936
14.14,10.590500625408
15.75,11.270104943616
23.29,11.581590256128
29.96,11.18515440384
35.54,10.307332159488
39.06,10.533866932224
35.82,12.714264119808
31.56,15.00792869376
28.14,17.896247046144
25.14,19.850109460992
23.59,20.274862159872
25.34,19.510307301888002
25.98,17.584761733632
25.67,13.931888523264
24.24,11.440006023168001
21.57,9.9108963072
19.33,9.599410994688
20.61,9.372876221952
27.6,9.287925682176
33.02,8.976440369664001
32.66,9.118024602624
30.29,8.91980667648
27.58,10.194064773120001
25.61,11.015253324288
24.32,11.864758722048
23.97,12.685947273216
28.42,12.997432585728001
35.74,12.516046193664
38.29,11.89307556864
37.75,12.119610341376001
35.98,13.337234744832001
36.22,14.44159176192
33.39,14.894661307392001
29.99,14.611492841472
26.85,14.243373835776
24.41,13.507135824384001
23.84,12.912482045952
25.77,12.431095653888
26.64,10.930302784512
28.68,8.608321363968
29.89,7.1075284945920005
34.81,7.617231733248
49.6,8.664955057152
58.47,9.429509915136
61.95,10.76040170496
62.24,12.629313580032001
60.28,14.611492841472
65.53,17.41486065408
63.99,20.388129546240002
58.57,25.088726080512
53.43,28.88318352384
47.98,30.865362785280002
43.11,34.26338437632
39.86,37.94457443328
39.2,39.6435852288
38.13,39.07724829696
36.07,38.51091136512
33.9,31.43169971712
32.82,19.595257841664
31.86,12.827531506176001
30.18,9.48614360832
29.24,7.3623801139200005
28.72,6.399607329792
30.46,5.833270397952
31.3,5.408517699072
31.44,5.125349233152
30.21,5.0970323865600005
28.29,5.323567159296
26.01,5.6633693184
24.18,5.9748546309120005
22.72,5.833270397952
20.89,5.6633693184
18.83,5.606735625216
16.35,5.436834545664
19.64,5.125349233152
75.15,6.031488324096
101.1,11.581590256128
97.81,16.84852372224
86.82,19.25545568256
77.1,21.37921917696
70.47,26.929321108992
65.34,34.26338437632
62.14,37.94457443328
59.02,37.94457443328
56.25,36.52873210368
53.55,34.82972130816
50.73,32.84754204672
47.06,30.01585738752
42.13,24.720607074816
38.39,17.471494347264
35.98,13.139016818688
34.05,11.553273409536
32.55,10.590500625408
30.97,9.542777301504
29.93,8.296836051456001
27.8,7.2774295741440005
26.65,6.65445894912
25.21,6.173072557056
23.7,5.833270397952
22.81,5.578418778624
22.47,5.23861661952
21.77,5.040398693376
23.49,4.898814460416
24.27,5.068715539968
25.48,5.38020085248
24.54,5.550101932032
23.14,5.720003011584001
21.51,5.8899040911360006
19.79,6.1447557104640005
18.46,6.2297062502400005
17.85,6.258023096832
16.7,6.173072557056
15.24,6.116438863872
14.18,5.9748546309120005
13.24,5.804953551360001
12.65,5.635052471808
12.39,5.550101932032
14.62,5.691686164992
16.02,5.94653778432
16.37,5.833270397952
15.69,5.804953551360001
14.55,6.0598051706880005
13.71,6.286339943424
13.83,6.342973636608
13.07,6.484557869568
12.51,6.937627415040001
11.6,7.22079588096
10.87,7.419013807104
10.23,7.334063267328
9.741,7.334063267328
9.25,7.390696960512
8.86,7.390696960512
7.944,7.22079588096
7.9,7.164162187776
11.61,7.3623801139200005
14.43,7.673865426432
15.19,7.900400199168001
14.93,8.183568665088
14.22,8.410103437824
12.88,8.976440369664001
11.71,9.656044687872
10.32,10.392282699264001
9.035,10.930302784512
8.091,11.638223949312
7.102,11.75149133568
6.488,11.666540795904
5.917,11.156837557248
5.819,10.562183778816001
5.685,10.109114233344
5.698,9.684361534464001
5.296,9.401193068544
4.945,9.344559375360001
4.584,9.231291988992
4.215,9.089707756032
3.814,8.863172983296
3.775,8.693271903744
3.657,8.664955057152
3.634,8.580004517376
3.709,8.608321363968
3.557,8.834856136704
3.374,8.834856136704
3.611,8.863172983296
7.975,9.174658295808
25.75,10.930302784512
36.99,16.225553097216
39.7,21.492486563328
37.4,23.021596279296002
33.61,24.720607074816
30.5,27.269123268096
27.65,29.7326889216
25.75,31.99803664896
24.05,32.28120511488
22.86,31.71486818304
21.95,30.58219431936
20.7,28.60001505792
26.9,25.456845086208002
32.88,22.596843580416
35.82,21.435852870144
36.37,21.350902330368
35.21,22.426942500864
32.93,23.701200597504002
30.07,24.607339688448
28.29,25.4851619328
25.94,26.108132557824
24.31,27.099222188544
22.87,28.316846592
21.44,29.166351989760003
19.99,28.60001505792
18.58,26.589518949888
17.98,23.871101677056
16.8,21.265951790592002
15.76,19.170505142784002
15.22,17.641395426816
14.6,16.452087869952
14.46,15.602582472192001
14.12,15.064562386944
13.9,14.753077074432001
13.64,14.668126534656
17.02,15.00792869376
20.27,16.225553097216
22.11,17.641395426816
21.83,19.000604063232
21.02,20.303179006464
20.12,21.549120256512
18.25,22.710110966784
15.92,23.248131052032
14.12,23.672883750912
12.83,24.437438608896002
12.26,25.173676620288
11.42,25.315260853248002
10.98,24.409121762304
10.2,22.455259347456
9.857,20.444763239424
9.148,18.97228721664
17.54,18.207732358656
26.11,21.66238764288
31.05,25.286944006656
31.7,27.637242273792
30.1,29.449520455680002
27.49,31.1485312512
24.85,32.5643735808
26.85,33.69704744448
28.26,34.546552842240004
28.25,36.8119005696
34.55,40.20992216064
39.34,45.3069545472
41.58,50.40398693376
40.91,54.08517699072
39.9,53.23567159296
39.76,50.68715539968
38.2,48.98814460416
35.11,48.42180767232
30.31,48.70497613824
25.67,49.554481536000004
22.65,50.9703238656
22.01,53.23567159296
20.72,53.8020085248
18.92,50.9703238656
17.24,45.3069545472
16.49,40.20992216064
16.01,36.24556363776
14.99,32.84754204672
14.46,30.01585738752
15.35,28.288529745408002
15.57,27.04258849536
16.24,26.164766251008
15.14,25.541795625984
13.6,24.862191307776
11.79,24.041002756608002
10.63,23.304764745216
10.13,22.568526733824
12.57,22.08714034176
15.01,21.803971875840002
15.61,21.888922415616
14.38,21.832288722432
12.74,22.030506648576
12.76,23.333081591808
13.38,26.108132557824
12.82,28.60001505792
11.32,30.58219431936
9.584,31.43169971712
7.367,31.1485312512
5.973,29.7326889216
4.838,27.552291734016002
7.32,25.428528239616
10.1,26.108132557824
12,29.7326889216
12,35.11288977408
11.08,38.2277428992
9.85,38.79407983104
9.158,39.07724829696
9.144,38.79407983104
8.848,38.79407983104
7.53,39.6435852288
7.368,41.0594275584
7.924,43.04160681984
8.333,43.607943751680004
8.175,41.90893295616
7.277,38.51091136512
6.405,34.82972130816
5.429,32.84754204672
4.516,31.43169971712
3.798,30.01585738752
4.288,29.7326889216
4.629,30.58219431936
4.922,30.58219431936
4.991,29.166351989760003
4.73,26.957637955584
4.083,25.230310313472
3.241,24.380804915712
2.556,22.993279432704
4.268,21.888922415616
5.664,22.93664573952
6.395,23.956052216832
6.288,24.0693196032
5.561,22.710110966784
4.64,21.464169716736002
3.953,20.67129801216
3.64,19.736842074624
13.17,19.935060000768
20.64,25.456845086208002
22.82,38.79407983104
22.06,43.32477528576
20.27,43.04160681984
18.25,44.17428068352
16.04,43.607943751680004
13.79,39.92675369472
11.82,35.39605824
9.991,32.28120511488
8.573,30.29902585344
7.124,27.920410739712
5.626,24.041002756608002
4.848,19.708525228032002
3.951,15.85743409152
3.545,13.507135824384001
3,11.836441875456
2.791,10.279015312896
2.267,8.77822244352
2.109,7.617231733248
1.946,6.824360028672
1.759,6.258023096832
3.121,6.116438863872
8.841,6.399607329792
18.28,8.041984432128
33.14,12.31782826752
35.87,21.011100171264
33.74,31.43169971712
30.59,43.32477528576
34.75,57.48319858176
40.9,58.615872445440004
52.62,54.08517699072
89,47.85547074048
105.6,47.57230227456
109.3,62.58023096832
103.5,81.55251818496001
100.2,99.39213153792001
104.6,137.05353750528
102.7,160.27335171072
100.4,156.30899318784
101.4,148.38027614208
101.1,150.64562386944002
98.85,151.21196080128001
94.67,141.58423296
91.26,126.0099673344
86.11,109.0198593792
82.31,93.72876221952001
79.65,79.85350738944
77.38,66.5445894912
74.25,56.35052471808
73.15,50.40398693376
71.21,45.02378608128
69.98,35.96239517184
65.77,28.090311819264002
65.36,23.871101677056
63.76,23.871101677056
60.93,22.200407728128
56.65,20.784565398528002
53.74,18.462583977984
49.3,14.951295000576
47.84,13.535452670976001
49.64,13.252284205056
48.79,13.393868438016
51.33,13.223967358464
51.32,13.167333665280001
60.55,12.940798892544
62.86,13.082383125504
59.35,14.922978153984001
58.18,19.708525228032002
55.66,24.947141847552
53.74,27.863777046528
53.16,28.005361279488
52.14,26.872687415808002
49.21,26.674469489664002
50.04,27.750509660160002
54.65,28.090311819264002
56.88,27.665559120384
55.09,25.62674616576
50.66,21.435852870144
46.49,17.726345966592
44.43,15.85743409152
50.42,15.744166705152
50.36,15.206146619904
48.16,14.469908608512
51.84,14.356641222144
50.78,15.376047699456
48.14,18.434267131392
48.45,17.018424801792
48.07,16.083968864256
47.4,18.604168210944
45.85,18.717435597312
46.81,16.933474262016002
46.94,15.092879233536001
45.73,13.903571676672
43.52,13.677036903936001
41.29,13.223967358464
37.41,13.931888523264
48.65,16.055652017664002
54.24,25.796647245312002
62.18,49.554481536000004
72.44,45.3069545472
90.7,46.439628410880005
98.71,64.27924176384
98.75,77.58815966208
95.1,69.65944261632
91.45,52.669334661120004
88.49,47.00596534272
91.34,45.3069545472
94.68,41.0594275584
92.65,41.0594275584
86.71,49.27131307008
81.13,52.669334661120004
74.36,48.1386392064
68.19,39.36041676288
64.46,31.71486818304
61.57,27.18417272832
60.58,24.692290228224
58.37,23.78615113728
55.67,22.257041421312
55.34,20.048327387136002
52.58,17.13169218816
49.01,14.583175994880001
46.32,13.167333665280001
43.32,12.232877727744
41.63,10.958619631104
39,9.429509915136
37.25,8.155251818496
36.37,7.22079588096
34.93,6.65445894912
33.59,6.3712904832
31.23,5.918220937728
29.4,5.550101932032
28.17,5.23861661952
26.68,5.040398693376
25.39,4.898814460416
24.35,4.81386392064
23.61,4.7572302274560005
22.44,4.615645994496
22.38,4.417428068352
22.86,4.2475269888
22.92,3.96435852288
23.94,4.049309062656
24.46,4.219210142208
22.77,3.794457443328
19.49,3.5962395171840003
17.56,3.652873210368
17.2,4.53069545472
17.77,5.23861661952
16.73,5.436834545664
15.07,5.125349233152
13.16,4.8421807672320005
11.9,4.7572302274560005
10.68,4.587329147904
9.95,4.2475269888
10.03,3.9077248296960003
10.04,3.6811900569600002
10.73,3.652873210368
11.9,3.5962395171840003
18.59,3.567922670592
24.3,3.879407983104
24.55,4.219210142208
22.69,4.728913380864
20.68,5.181982926336
18.93,5.804953551360001
17.57,6.456241022976
15.86,6.739409488896
14.6,6.682775795712
13.09,6.51287471616
11.81,6.2297062502400005
12.49,5.9748546309120005
45.63,5.748319858176
74.57,5.6633693184
76.78,6.399607329792
67.52,6.937627415040001
58.02,7.985350738944001
50.91,10.109114233344
47.53,12.0346598016
44.54,13.73367059712
40.33,16.083968864256
38.68,19.227138835968
37.82,21.973872955392
35.73,22.568526733824
33.65,19.39703991552
32.78,14.158423296
30.12,11.241788097024001
29.38,9.599410994688
33.66,8.77822244352
36.18,8.438420284416
35.29,8.410103437824
32.73,8.608321363968
29.77,9.514460454912001
27.4,10.647134318592
25.14,11.581590256128
28.02,11.89307556864
30.59,12.006342955008
31.91,12.147927187968
33.06,12.374461960704
33.36,12.60099673344
47.17,12.940798892544
62.81,13.478818977792
71.29,14.668126534656
72.86,16.083968864256
70.14,17.896247046144
77.99,20.076644233728
87,22.37030880768
155,24.748923921408
182.3,29.7326889216
171.8,35.67922670592
154.8,43.04160681984
143,51.53666079744
134.7,58.899040911360004
129.9,65.97825255936
126.5,73.05746420736
123.5,80.41984432128
121.8,100.24163693568
120.2,135.63769517568
117.7,136.77036903936
114.3,117.23174489088001
111.1,96.56044687872
107.3,78.72083352576
103.6,62.01389403648
99.34,48.42180767232
115.6,40.493090626560004
126.2,39.36041676288
126.3,38.79407983104
121.5,39.07724829696
115.6,40.776259092480004
109.7,42.475269888
106.1,45.02378608128
125.9,47.00596534272
147.3,50.12081846784
153.5,54.93468238848
150.5,62.2970625024
145.1,71.07528494592
143.8,79.57033892352
152.5,84.66737131008
154.4,87.7822244352
151.8,88.63172983296
147.7,91.74658295808
141.3,107.6040170496
135.7,130.54066278912
155.7,134.78818977792
169.5,128.8416519936
171.7,118.9307556864
167.6,112.41788097024
162.7,108.17035398144
157.1,106.75451165184
149.1,109.86936477696
142.6,111.85154403840001
148.2,109.30302784512
151.8,105.90500625408
154.6,106.18817472
154.9,116.0990710272
157.7,125.44363040256
158.2,123.17828267520001
167.4,116.0990710272
193.1,109.58619631104
202.3,107.88718551552
199.2,112.13471250432
192.3,121.47927187968
183.9,135.63769517568
175.6,152.34463466496
168.1,158.29117244928
160.2,156.59216165376
155.4,180.37831279104
151.9,187.45752443904001
147.2,163.67137330176
142.1,137.90304290304002
135.5,117.79808182272001
130.6,101.9406477312
125.3,89.48123523072
134.3,79.2871704576
139.4,73.90696960512
135.8,70.50894801408
129.2,69.09310568448001
153.7,68.80993721856001
163.4,76.17231733248
162.8,83.81786591232
158.9,90.89707756032
153.9,101.09114233344
147.8,120.346598016
143.3,145.54859148288
136.5,153.19414006272
128.8,141.30106449408
122.5,124.5941250048
116.6,111.28520710656001
113.3,102.50698466304
109.5,94.57826761728
103.4,86.93271903744001
97.84,79.00400199168
90.85,71.64162187776
87.05,66.26142102528
80.82,61.447557104640005
79.66,57.20003011584
81.17,53.23567159296
82.05,50.12081846784
78.67,47.85547074048
74.87,45.87329147904
72.16,44.17428068352
70.47,43.04160681984
69.8,42.75843835392
67.34,42.75843835392
64.6,43.04160681984
63.77,43.8911122176
62.92,45.3069545472
59.27,46.722796876800004
57.14,47.28913380864
53.67,47.00596534272
48.18,46.722796876800004
45.22,47.00596534272
45.05,46.722796876800004
45.59,45.02378608128
44.45,42.75843835392
42.69,41.62576449024
48.43,41.34259602432
53.56,44.17428068352
53.21,46.722796876800004
48.89,50.40398693376
45.13,51.81982926336
40.62,52.386166195200005
36.42,54.08517699072
32.97,56.633693184
32.71,59.74854630912
30.06,63.14656790016
27.26,67.67726335488
24.05,70.79211648
21.57,68.24360028672
21.09,60.03171477504
20.61,50.9703238656
19.04,44.45744914944
17.65,40.776259092480004
17.02,38.2277428992
16.06,36.24556363776
14.5,34.26338437632
12.8,32.5643735808
11.58,30.865362785280002
11.69,29.7326889216
12.6,29.166351989760003
12.73,28.288529745408002
12.2,27.835460199936
11.64,27.439024347648
10.28,27.495658040832
9.436,28.118628665856
9.402,28.60001505792
9.554,29.449520455680002
9.365,30.29902585344
9.008,31.1485312512
8.703,31.43169971712
9.015,30.865362785280002
9.473,30.58219431936
13.89,30.58219431936
20.96,31.71486818304
25.06,35.96239517184
24.86,40.776259092480004
24.37,44.74061761536
21.2,49.837650001920004
18.9,57.20003011584
17.14,61.16438863872
14.94,63.42973636608
13.14,63.99607329792
11.5,62.2970625024
13.51,58.615872445440004
17.88,53.23567159296
20.51,45.3069545472
20.98,38.51091136512
19.24,34.26338437632
17.31,31.99803664896
15.27,31.99803664896
13.52,34.546552842240004
11.78,36.8119005696
10.15,36.52873210368
9.029,33.69704744448
7.723,29.7326889216
6.787,25.570112472576
6.178,21.690704489472
5.664,18.519217671168
6.637,16.310503636992
8.169,15.092879233536001
9.018,14.01683906304
9.394,13.337234744832001
8.421,13.252284205056
7.326,13.875254830080001
6.744,14.809710767616
10.67,15.319414006272
16.89,15.630899318784001
20.91,15.942384631296001
20.75,16.395454176768002
18.84,18.915653523456
16.02,24.125953296384
13.63,31.1485312512
11.79,35.39605824
9.691,35.39605824
8.029,31.71486818304
6.59,26.334667330560002
5.668,20.67129801216
5.004,16.027335171072
4.296,13.563769517568
3.63,12.119610341376001
3.091,10.76040170496
2.572,9.514460454912001
2.089,8.4950539776
1.673,7.7871328128
1.19,7.305746420736
0.9591,6.965944261632
0.6814,6.682775795712
0.4652,6.3712904832
0.237,6.08812201728
0.1196,5.861587244544
0.1649,5.578418778624
1.043,5.606735625216
1.986,5.8899040911360006
6.479,6.003171477504
16.4,6.711092642304
25.75,7.560598040064
31.34,8.296836051456001
33.38,10.279015312896
31.14,11.779808182272001
26.88,13.02574943232
22.71,14.753077074432001
18.97,17.952880739328002
16.31,22.540209887232
15.77,27.382390654464
14.87,30.865362785280002
14.29,30.58219431936
13.03,25.258627160064002
13.64,18.066148125696
18.22,14.01683906304
21.43,12.88416519936
21.89,12.17624403456
20.47,11.638223949312
18.11,11.921392415232
15.23,12.572679886848
15.34,13.054066278912
14.07,14.554859148288001
11.92,14.583175994880001
10.44,14.271690682368
9.485,12.855848352768
9.055,10.76040170496
9.931,9.033074062848
11.7,7.985350738944001
12.5,7.390696960512
12.7,7.0225779548160006
13.6,7.079211648
16.13,7.560598040064
16.42,7.730499119616
15.32,8.126934971904
14.28,9.2029751424
12.94,10.080797386752
11.27,9.797628920832
9.949,9.146341449216001
8.469,8.91980667648
7.607,8.551687670784
8.248,7.730499119616
8.326,7.050894801408
7.747,6.456241022976
7.054,6.031488324096
7.113,5.918220937728
7.374,5.9748546309120005
7.746,5.720003011584001
7.515,5.436834545664
7.242,5.833270397952
6.528,6.116438863872
5.945,5.833270397952
5.547,5.295250312704
4.914,4.870497613824
4.632,4.53069545472
4.567,4.2475269888
4.654,4.020992216064
5.561,3.794457443328
6.732,3.652873210368
7.14,3.4263384376320003
6.783,3.482972130816
5.786,4.445744914944
4.922,5.181982926336
4.019,5.125349233152
4.443,5.323567159296
4.897,5.720003011584001
5.423,5.578418778624
5.353,5.0120818467840005
6.086,4.983765000192
7.243,5.23861661952
7.785,5.550101932032
7.214,5.550101932032
10.95,5.691686164992
17,5.550101932032
19.55,5.38020085248
18.42,5.323567159296
25.95,6.484557869568
33.37,7.92871704576
34.26,9.06139090944
30.8,9.712678381056
32.25,10.562183778816001
30.65,12.17624403456
27.71,13.960205369856
24.33,16.593672102912002
22.11,19.623574688256
20.38,21.067733864448
18.7,19.085554603008
16.43,14.583175994880001
14.49,11.949709261824001
12.77,10.250698466304
11.62,8.438420284416
10.7,7.135845341184
9.943,6.3712904832
9.816,5.804953551360001
9.521,5.266933466112
9.13,4.870497613824
8.758,4.474061761536
7.959,4.10594275584
7.382,3.766140596736
7.15,3.624556363776
6.476,3.5112889774080003
6.082,3.4263384376320003
5.856,3.369704744448
5.577,3.25643735808
5.095,3.199803664896
4.952,3.058219431936
4.761,2.916635198976
4.426,2.7920410739712
4.301,2.6816053722624003
4.209,2.6249716790784
3.73,2.5485161932800002
3.707,2.5032092387328
3.611,2.4522389148671997
3.205,2.3814467983872
2.922,2.3871101677056
2.721,2.3956052216832
2.56,2.3276447898624
2.461,2.2568526733824004
2.129,2.2143774034944
2.053,2.152080340992
1.894,2.1435852870144
1.641,2.1605753949696
1.533,2.2115457188352
1.477,2.2398625654271997
1.435,2.2766744659968
1.307,2.2710110966784
1.238,2.2851695199744
1.459,2.364456690432
2.162,2.5485161932800002
4.963,2.746734119424
7.333,2.97326889216
8.083,3.143169971712
7.681,3.341387897856
17.77,3.936041676288
26.1,5.0970323865600005
28.62,5.748319858176
26.56,6.003171477504
22.8,6.682775795712
18.97,7.7871328128
16.45,9.004757216256
15.22,10.250698466304
14.59,10.618817472
13.61,10.250698466304
26.3,9.854262614016001
30,10.024163693568001
31.65,9.882579460608
31.69,10.080797386752
30.18,10.590500625408
27.53,11.383372329984
25.02,11.75149133568
23.18,11.808125028864
21.07,11.836441875456
22.23,11.836441875456
22.94,11.723174489088
22.88,11.213471250432
21.94,10.448916392448
20.86,9.995846846976
19.83,9.995846846976
18.55,10.250698466304
20.4,10.250698466304
53.25,10.873669091328
71.28,14.809710767616
69.59,19.227138835968
62.46,21.039417017856
55.52,21.435852870144
50.78,24.041002756608002
47.29,28.60001505792
45.23,34.546552842240004
47.42,37.94457443328
49.14,37.94457443328
49.04,35.96239517184
48.44,32.28120511488
47.09,28.090311819264002
45.82,24.833874461184
44.06,23.248131052032
42.52,22.51189304064
43.13,22.285358267904
43.21,21.888922415616
41.73,21.039417017856
40.05,20.10496108032
38.22,19.425356762112
36.96,19.170505142784002
36.03,19.085554603008
34.41,18.660801904128
32.98,17.952880739328002
32.03,17.244959574528
31.98,16.876840568832
48.85,16.593672102912002
97.26,17.046741648384
122.9,20.614664318976
119.9,28.316846592
110.1,38.51091136512
116,53.51884005888
118,73.90696960512
113.7,97.6931207424
107.4,116.38223949312
102,149.22978153984
141.5,215.77437103104
161.9,230.7822997248
161.6,218.32288722432
155.5,222.85358267904002
148.8,243.80804915712
145.3,263.3466733056
142.6,249.75458694144
149,218.60605569024
150.2,200.76644233728
148.6,205.58030625792
145.8,205.86347472384
144.1,188.3070298368
161,167.0693948928
167.4,156.59216165376
165.4,146.68126534656
159.6,136.48720057344
153.6,127.70897812992
148.1,120.346598016
142.2,116.0990710272
136.7,111.56837557248001
137.9,105.33866932224001
149.4,107.03768011776
155.5,111.28520710656001
155.7,114.11689176576
156.3,119.21392415232
152.5,143.84958068736
144.5,155.17631932416
138.8,144.69908608512
133.8,130.2574943232
127.7,118.08125028864
121.2,117.51491335680001
115,141.58423296
112.7,148.09710767616
113.3,136.20403210752
110.8,123.74461960704001
106.4,112.98421790208
103.7,102.79015312896
99.44,92.87925682176001
97,83.5346974464
92.54,76.17231733248
102.8,72.49112727552
107.3,76.4554857984
104.3,83.81786591232
98.32,89.1980667648
92.16,91.18024602624
104.2,90.6139090944
185.6,101.37431079936
214.3,136.48720057344
206.7,192.27138835968
192.5,242.39220682752
182,267.02786336256
180.7,251.45359773696
178,276.089254272
183.2,382.277428992
182.5,376.6140596736
177.7,297.326889216
180.7,243.80804915712
181.1,216.6238764288
281.5,209.82783324672002
293.9,257.6833039872
310.8,336.9704744448
304.1,515.3666079744
292.9,690.9310568448
283.4,656.9508409344
305,572.0003011584
307.4,543.6834545664
300.9,489.8814460416
292.4,421.92101422080003
283.8,370.95069035520004
285.4,314.3169971712
274.1,257.40013552128
272.4,216.90704489472
276,198.21792614400002
301.6,197.65158921216002
329.4,233.33081591808002
331.4,328.4754204672
322.7,436.0794375168
313.1,501.2081846784
303.1,447.40617615360003
293.5,370.95069035520004
291.6,345.4655284224
274.5,328.4754204672
254.2,268.16053722624
236.5,214.07536023552
228.4,181.79415512064
221.4,159.70701477888
213.5,143.28324375552
204.9,130.82383125504
192,120.346598016
179.7,111.85154403840001
175.5,104.77233239040001
178.8,100.24163693568
181,97.6931207424
183.1,95.14460454912
174.7,94.29509915136
165,94.29509915136
154.6,96.2772784128
142.3,99.67530000384001
133.9,102.22381619712
128.6,102.50698466304
133,100.24163693568
132.8,100.5248054016
127.5,108.45352244736
119.4,115.53273409536
110.9,112.70104943616
105.9,103.07332159488
99.9,92.029751424
94.3,81.55251818496001
90.59,72.49112727552
84.69,65.97825255936
82.42,60.31488324096
80.03,55.784187786240004
88.3,51.53666079744
87.91,50.40398693376
84.75,49.837650001920004
81.72,52.386166195200005
76.16,53.51884005888
70.41,52.669334661120004
66.03,52.10299772928
126.8,53.8020085248
148.6,68.52676875264
143.3,92.87925682176001
132.9,107.88718551552
166.7,129.69115739136
176.1,172.44959574528
172.9,202.74862159872
166.4,218.60605569024
159.6,239.56052216832
151.2,240.41002756608
166.9,210.11100171264002
175.3,176.9802912
165.9,150.07928693760002
152.3,131.95650511872
137.5,120.91293494784
125.9,112.41788097024
117.7,101.9406477312
113.8,92.029751424
109,124.31095653888
106.4,164.2377102336
102.4,144.98225455104
98.34,118.64758722048
92.44,97.6931207424
87.71,81.26934971904001
83.37,67.11092642304
79.96,55.2178508544
77.62,45.87329147904
73.33,40.20992216064
69.13,35.96239517184
73.26,33.69704744448
75.76,32.28120511488
81.17,30.865362785280002
77.9,30.865362785280002
71.98,31.1485312512
63.06,33.41387897856
59.54,35.39605824
59.93,36.24556363776
62.87,36.52873210368
62.3,40.20992216064
57.81,49.27131307008
57,52.10299772928
54.27,48.70497613824
49.64,44.74061761536
44.07,41.62576449024
39.59,39.36041676288
34.77,38.79407983104
32.9,38.51091136512
34.43,36.52873210368
33.59,33.41387897856
32.29,30.58219431936
32.15,28.88318352384
31.63,26.957637955584
32.48,25.513478779392
31.32,25.371894546432
29.55,26.164766251008
27.34,25.34357769984
23.91,24.21090383616
20.93,22.6534772736
20.04,21.634070796288
19.5,21.124367557632002
19.87,20.501396932608
21.74,19.481990455296
20.63,19.283772529152
17.93,19.340406222336
15.12,18.4059502848
13.44,17.69802912
15.93,17.754662813184
17.61,17.018424801792
17.59,16.367137330176
15.91,15.772483551744001
13.84,15.772483551744001
12,15.687533011968
10.61,15.376047699456
9.364,15.064562386944
8.775,14.469908608512
7.931,14.073472756224
7.322,13.478818977792
6.753,12.459412500480001
12.25,11.496639716352
24.67,11.440006023168001
30.34,14.158423296
30.73,19.000604063232
28.67,25.824964091904
25.42,35.96239517184
21.87,38.51091136512
18.84,33.9802159104
16.17,28.60001505792
14.28,26.023182018048
12.88,24.890508154368
11.59,23.672883750912
10.86,20.5297137792
9.969,15.545948779008
9.405,12.346145114112
8.804,9.76931207424
8.465,7.617231733248
8.448,6.427924176384
8.771,5.776636704768
9.358,5.351884005888
9.711,5.266933466112
9.346,5.210299772928
9.224,5.408517699072
8.766,6.08812201728
8.328,5.9748546309120005
7.17,5.408517699072
6.454,4.870497613824
5.472,4.559012301312
6.096,4.38911122176
8.231,4.360794375168
10.62,4.219210142208
15.55,4.049309062656
22.86,5.0120818467840005
24.65,7.0225779548160006
23.53,10.788718551552
25.94,14.583175994880001
25.96,20.246545313280002
25.25,23.92773537024
26.46,23.757834290688
27.34,24.465755455488
39.3,26.221399944192
37.24,30.01585738752
35.33,30.29902585344
36.81,30.29902585344
35.87,31.71486818304
34.77,31.99803664896
33.58,32.5643735808
31.91,34.82972130816
31.34,38.2277428992
51.38,36.24556363776
61.63,32.28120511488
61.2,31.1485312512
57.12,37.09506903552
52.44,51.25349233152
47.77,61.447557104640005
44.28,62.01389403648
42.05,55.2178508544
39.88,47.85547074048
37.8,41.90893295616
35.03,35.96239517184
31.94,28.60001505792
30.07,21.973872955392
28.89,17.358226960896
27.93,14.668126534656
26.86,13.054066278912
26.53,11.75149133568
26.37,10.47723323904
26.06,9.287925682176
25.7,8.381786591232
25.2,8.325152898048
25.18,8.693271903744
25.5,8.891489829888
148.8,9.287925682176
217.9,10.47723323904
193.9,12.346145114112
143.5,13.59208636416
106.2,16.650305796096
83.55,35.67922670592
70.85,137.90304290304002
64.4,236.72883750912
61.75,224.55259347456
60.77,196.23574688256
59.49,158.85750938112
59.52,127.14264119808
58.19,104.48916392448
58.74,85.51687670784
57.88,69.37627415040001
56.68,55.2178508544
55.19,44.74061761536
53.3,37.94457443328
52.87,33.69704744448
51.41,30.01585738752
50.46,26.929321108992
48.93,23.899418523648002
46.69,21.634070796288
44.77,19.765158921216
45.17,18.066148125696
45.36,16.650305796096
46.29,15.545948779008
44.37,15.092879233536001
41.47,15.092879233536001
39.93,15.744166705152
38.65,16.876840568832
36.5,17.358226960896
35.22,17.13169218816
33.7,17.13169218816
32.63,17.896247046144
31.71,18.292682898432002
30.69,17.499811193856
29.51,15.885750938112
32.2,14.753077074432001
36.4,14.101789602816
38.18,13.761987443712
36.84,13.59208636416
34.49,13.4505021312
31.58,13.393868438016
28.69,13.535452670976001
27.08,13.903571676672
26.67,14.611492841472
25.54,15.744166705152
24.73,17.329910114304
23.87,18.207732358656
22.51,17.811296506368002
20.48,16.678622642688
18.47,15.517631932416
16.92,14.753077074432001
14.98,14.186740142592
16.41,13.846937983488
19.94,13.988522216448
26.53,14.724760227840001
31.91,15.234463466496
33.84,15.5742656256
32.55,16.9901079552
30.04,18.887336676864
27.04,20.5297137792
24.18,21.605753949696002
22.21,22.568526733824
21.48,23.814467983872
20.57,25.90991463168
20.37,29.166351989760003
19.45,33.41387897856
18.27,36.24556363776
17.27,34.546552842240004
17.05,28.88318352384
17.76,23.78615113728
19,21.294268637184
24.88,20.189911620096
29.06,20.473080086016
29.99,21.265951790592002
28.82,22.426942500864
27.21,24.833874461184
25.79,27.920410739712
24.93,30.01585738752
24.38,30.865362785280002
23.57,30.29902585344
22.31,30.01585738752
20.67,30.865362785280002
19.07,31.99803664896
17.72,32.28120511488
16.26,31.43169971712
14.96,29.7326889216
14.43,28.260212898816
14.47,27.297440114688
15.87,26.844370569216
16.82,26.731103182848
17.02,26.278033637376
16.8,25.400211393024
17.24,24.947141847552
17.17,25.173676620288
16.13,25.400211393024
14.78,25.513478779392
24.61,26.47625156352
33.6,29.7326889216
38.21,32.84754204672
38.56,34.82972130816
37.1,35.96239517184
34.92,37.378237501440005
33.32,38.79407983104
35.74,40.20992216064
47.92,41.34259602432
73.24,45.3069545472
81.56,54.65151392256
80.05,60.8812201728
75.81,67.39409488896
72.35,75.03964346880001
71.85,87.7822244352
72.71,97.40995227648
71.59,93.72876221952001
70.08,85.80004517376
71.27,85.51687670784
71.17,93.16242528768001
69.61,94.8614360832
67.2,86.93271903744001
65.38,75.60598040064001
62.2,65.97825255936
58.64,60.31488324096
55.04,57.48319858176
51.49,55.2178508544
47.04,52.669334661120004
44.81,49.837650001920004
45.4,47.85547074048
45.55,45.59012301312
44.72,43.607943751680004
42.28,41.90893295616
49.13,42.19210142208
54.71,52.10299772928
55.24,64.84557869568
53.79,70.79211648
52.13,72.49112727552
64.5,73.6238011392
71.29,77.871328128
72.62,81.83568665088
70.48,82.96836051456
67.78,84.950539776
64.92,88.63172983296
69.58,89.76440369664
69.41,91.74658295808
66.49,90.6139090944
63.8,88.34856136704
60.12,85.51687670784
62.68,83.25152898048
78.61,80.98618125312001
98.09,80.7030127872
119.2,89.76440369664
139.1,117.23174489088001
144.1,155.45948779008
152.2,218.32288722432
201.9,273.54073807872
209,334.1387897856
202.9,430.4160681984
196.7,535.1884005888
191.8,543.6834545664
187.5,433.2477528576
183.9,322.8120511488
180.5,253.4357769984
177.1,217.75655029248
173.8,191.98821989376
169.7,167.35256335872
165.4,146.39809688064
186.8,130.54066278912
190.8,128.27531506176
184.6,134.22185284608
174.3,137.61987443712002
166.6,149.79611847168002
157.8,166.50305796096
149.4,161.12285710848
142,144.4159176192
133.8,130.2574943232
126.2,120.06342955008
118.4,113.267386368
112.6,106.75451165184
108.4,97.97628920832
102,88.91489829888
102.9,80.13667585536
103.2,74.19013807104
98.98,71.92479034368
93.15,73.6238011392
91.44,75.60598040064001
89.42,77.871328128
82.47,80.7030127872
77.13,81.55251818496001
73.98,80.13667585536
67.99,76.73865426432
69.74,73.34063267328
71.27,68.80993721856001
73.08,63.712904832
69.09,61.16438863872
66.97,60.8812201728
66.12,63.42973636608
65.25,65.97825255936
61.5,68.52676875264
58.41,72.49112727552
53.84,75.60598040064001
48.92,77.58815966208
44.64,77.02182273024
40.18,73.34063267328
37.01,66.5445894912
36.66,59.74854630912
36.39,54.93468238848
34.87,51.53666079744
30.57,47.85547074048
27.03,43.607943751680004
23.61,40.493090626560004
23.51,38.2277428992
24.7,35.96239517184
24.79,33.69704744448
24.24,31.71486818304
21.73,30.01585738752
21.21,28.288529745408002
19.96,26.391301023744
18.55,24.522389148672
17.28,22.79506150656
28.3,22.710110966784
32.85,27.977044432896
31.05,32.5643735808
26.81,37.09506903552
22.02,41.62576449024
17.18,45.02378608128
14.03,45.02378608128
10.99,42.19210142208
9.736,39.07724829696
11.99,36.52873210368
16.22,33.9802159104
19.89,31.1485312512
21.11,30.01585738752
20.03,29.7326889216
17.43,29.449520455680002
14.3,29.7326889216
12.7,29.449520455680002
18.26,28.88318352384
25.1,35.67922670592
28.61,37.661405967360004
28.8,38.2277428992
27.02,40.493090626560004
23.88,47.57230227456
20.48,51.53666079744
18.64,48.70497613824
16.47,43.04160681984
14.78,36.8119005696
12.92,30.01585738752
11.44,24.380804915712
10,20.189911620096
8.899,17.103375341568
7.798,15.121196080128
6.788,13.960205369856
6.196,13.110699972096
5.296,12.232877727744
5.114,11.46832286976
5.385,10.363965852672
5.158,9.372876221952
5.071,8.551687670784
4.92,8.013667585536
4.798,7.588914886656
4.992,7.4473306536960004
7.536,7.2774295741440005
10.43,8.155251818496
20.2,7.758815966208
38.45,8.636638210560001
45.1,13.337234744832001
43.47,19.991693693952
40.07,29.449520455680002
37.31,45.3069545472
34.89,55.501019320320005
31.56,50.40398693376
27.54,41.90893295616
24.03,36.24556363776
20.87,30.865362785280002
18.77,25.003775540736
22.25,20.5297137792
32.73,17.726345966592
38.35,16.905157415424
40.99,15.404364546048
38.17,16.650305796096
35.35,20.558030625792
30.8,25.145359773696
27.07,28.88318352384
24.21,29.449520455680002
28.34,27.155855881728
28.75,25.230310313472
27.68,21.803971875840002
26.51,18.774069290496
27.04,17.499811193856
26.24,18.236049205248
23.51,18.54753451776
21.17,18.151098665472002
19.19,18.066148125696
25.48,17.613078580224002
28.07,18.830702983680002
30.37,19.850109460992
31.63,19.8217926144
33.42,19.96337684736
36.57,21.237634944
40.44,23.78615113728
40.03,27.552291734016002
38.52,28.60001505792
35.69,29.449520455680002
32.35,30.865362785280002
38.72,30.58219431936
43.19,30.865362785280002
64.08,32.28120511488
68.05,47.00596534272
67.77,68.80993721856001
64.72,65.41191562752
60.88,61.447557104640005
56.52,60.8812201728
52.49,55.501019320320005
54.7,45.87329147904
56.63,43.32477528576
53.17,67.67726335488
48.23,74.75647500288001
44.02,52.386166195200005
40.63,35.67922670592
39.03,25.117042927104002
39.55,19.481990455296
39.07,16.537038409728
38.06,14.894661307392001
38.11,13.903571676672
37.02,14.243373835776
35.55,15.29109715968
33.15,15.319414006272
31.73,14.356641222144
31.76,13.110699972096
31.64,12.714264119808
30.15,12.431095653888
29.37,11.75149133568
28.31,11.978026108416
33.21,11.89307556864
49.47,12.7425809664
59.04,15.5742656256
58.4,20.331495853056
51.44,24.833874461184
45.6,25.428528239616
41.55,24.012685910016
37.69,22.964962586112
34.82,22.172090881536
33.19,23.474665824768
30.59,26.561202103296
28.67,30.01585738752
27.97,31.43169971712
26.15,28.005361279488
23.74,22.596843580416
22.3,18.151098665472002
22.02,15.234463466496
21.55,13.535452670976001
20.88,12.374461960704
19.82,11.581590256128
18.56,10.845352244736
17.74,10.165747926528
17.72,9.174658295808
21.99,8.155251818496
24.5,8.268519204864
24.29,8.580004517376
22.44,8.551687670784
20.64,9.287925682176
18.82,9.797628920832
17.29,9.967530000384
23.13,10.279015312896
34.95,13.167333665280001
38.77,21.690704489472
37.96,25.428528239616
35.11,25.34357769984
40.48,26.306350483968
51.83,26.532885256704002
60.47,26.816053722624
58.98,28.88318352384
53.18,31.99803664896
46.98,32.84754204672
42.23,31.43169971712
38.42,29.449520455680002
35.22,29.166351989760003
32.94,31.1485312512
31.01,33.69704744448
30.06,35.11288977408
28.66,33.9802159104
27.62,30.29902585344
28.64,23.248131052032
33.25,18.887336676864
39.18,20.218228466688
55.61,21.09605071104
72.87,22.341991961088002
75.13,25.173676620288
67.55,27.32575696128
59.26,29.166351989760003
51.87,31.99803664896
45.83,35.39605824
41.6,38.51091136512
38.52,39.6435852288
35.62,39.92675369472
33.61,41.90893295616
32.51,46.722796876800004
31.65,49.554481536000004
30.77,44.45744914944
29.93,33.9802159104
28.36,24.380804915712
27.11,18.689118750720002
26.16,15.85743409152
25.57,14.611492841472
24.59,13.846937983488
23.89,13.337234744832001
26.11,13.110699972096
27.29,13.252284205056
27.3,13.365551591424
26.1,13.478818977792
24.81,13.648720057344
23.74,13.988522216448
22.51,14.215056989184001
21.66,14.186740142592
21.52,14.130106449408
21.37,14.158423296
20.18,14.158423296
18.74,13.705353750528001
17.66,13.167333665280001
16.94,12.657630426624001
16.15,12.346145114112
15.91,12.204560881152
15.48,12.0346598016
14.89,11.808125028864
13.94,11.75149133568
13.23,11.836441875456
12.75,12.0346598016
11.96,12.204560881152
11.4,12.289511420928001
10.6,12.232877727744
9.882,12.091293494784
9.816,11.921392415232
9.74,11.779808182272001
9.394,11.609907102720001
9.092,11.638223949312
9.032,11.978026108416
8.546,11.921392415232
8.161,11.75149133568
7.883,11.779808182272001
7.389,11.836441875456
7.156,11.864758722048
6.429,11.949709261824001
5.666,12.091293494784
5.5,12.17624403456
5.012,12.17624403456
4.942,12.204560881152
5.467,12.204560881152
9.259,12.770897812992
12.62,14.158423296
15.76,15.404364546048
19.24,17.244959574528
20.69,21.067733864448
20.36,25.456845086208002
18.63,29.449520455680002
16.51,31.43169971712
14.72,31.99803664896
13.22,32.28120511488
20.32,31.43169971712
33,30.58219431936
39.09,29.7326889216
40.62,29.166351989760003
38.01,29.7326889216
34.55,30.29902585344
31.69,33.41387897856
28.59,37.94457443328
26.02,42.475269888
24.27,48.1386392064
21.98,52.10299772928
21.29,54.08517699072
31.15,53.8020085248
41,49.837650001920004
